City_ID,City,Country,Lat,Lng,Max Temp,Humidity,Cloudiness,Wind Speed,Current Description
0,Half Moon Bay,US,37.4636,-122.4286,78.75,78,1,1.01,clear sky
1,Ushuaia,AR,-54.8,-68.3,38.86,75,75,2.3,broken clouds
2,Caravelas,BR,-17.7125,-39.2481,68.31,68,2,5.44,clear sky
3,Adrar,MR,20.5022,-10.0711,89.67,22,73,9.24,broken clouds
4,Vostok,RU,46.4856,135.8833,93.45,36,49,4.45,scattered clouds
5,Srednekolymsk,RU,67.45,153.6833,64.04,40,100,13.53,overcast clouds
6,Kaitangata,NZ,-46.2817,169.8464,49.93,53,96,10.11,overcast clouds
7,Vaini,TO,-21.2,-175.2,77.16,94,20,9.22,light rain
8,Oussouye,SN,12.485,-16.5469,77.86,78,95,4.99,light rain
9,Acarau,BR,-2.8856,-40.12,75.74,81,5,11.56,clear sky
10,Port Alberni,CA,49.2413,-124.8028,79.88,54,8,1.01,clear sky
11,Altus,US,34.6381,-99.334,87.31,63,1,8.05,clear sky
12,Vao,NC,-22.6667,167.4833,72.36,80,10,7.4,clear sky
13,Carlos Antonio Lopez,PY,-26.4,-54.7667,59.45,73,13,3.18,few clouds
14,Punta Arenas,CL,-53.15,-70.9167,35.71,93,75,16.11,broken clouds
15,Kutum,SD,14.2,24.6667,72.07,77,98,10.85,overcast clouds
16,Narsaq,GL,60.9167,-46.05,44.82,87,83,4.45,broken clouds
17,Taunggyi,MM,20.7833,97.0333,69.03,79,100,5.03,overcast clouds
18,Cabo San Lucas,MX,22.8909,-109.9124,88.52,73,59,5.01,broken clouds
19,Atuona,PF,-9.8,-139.0333,78.42,70,15,17.85,few clouds
20,Lerwick,GB,60.1545,-1.1494,55.4,80,99,6.87,overcast clouds
21,Hobart,AU,-42.8794,147.3294,46.26,74,75,5.99,broken clouds
22,Ixtapa,MX,20.7,-105.2,77.02,93,95,1.99,overcast clouds
23,College,US,64.8569,-147.8028,70.0,53,75,10.36,broken clouds
24,Mouzouras,GR,35.5333,24.15,76.44,73,20,8.05,few clouds
25,Butaritari,KI,3.0707,172.7902,83.01,73,15,11.9,light rain
26,Albany,US,42.6001,-73.9662,72.18,70,100,3.0,overcast clouds
27,Yar-Sale,RU,66.8333,70.8333,60.21,68,9,13.58,clear sky
28,Ambilobe,MG,-13.2,49.05,64.92,74,78,2.82,broken clouds
29,Mataura,NZ,-46.1927,168.8643,51.48,80,94,3.56,overcast clouds
30,Airai,TL,-8.9266,125.4092,77.31,21,19,3.91,few clouds
31,Qaanaaq,GL,77.484,-69.3632,38.3,67,100,4.5,overcast clouds
32,Kieta,PG,-6.2167,155.6333,81.0,81,79,9.51,light rain
33,Busselton,AU,-33.65,115.3333,64.04,67,71,19.28,broken clouds
34,Rikitea,PF,-23.1203,-134.9692,69.49,56,0,0.18,clear sky
35,Kingaroy,AU,-26.5333,151.8333,65.05,41,0,19.57,clear sky
36,Lorengau,PG,-2.0226,147.2712,85.03,65,40,5.14,scattered clouds
37,Bengkulu,ID,-3.8004,102.2655,84.18,62,2,0.65,clear sky
38,Talnakh,RU,69.4865,88.3972,49.06,92,100,5.5,moderate rain
39,Bafra,TR,41.5678,35.9069,65.98,74,0,8.41,clear sky
40,San Quintin,MX,30.4833,-115.95,68.54,84,100,7.43,overcast clouds
41,Cayenne,GF,4.9333,-52.3333,79.09,87,0,1.01,clear sky
42,Arraial Do Cabo,BR,-22.9661,-42.0278,69.4,76,0,24.0,clear sky
43,Ribeira Grande,PT,38.5167,-28.7,69.78,90,20,13.78,few clouds
44,Lebu,CL,-37.6167,-73.65,50.36,89,98,23.73,light rain
45,Mar Del Plata,AR,-38.0023,-57.5575,52.12,63,90,18.01,moderate rain
46,Esperance,AU,-33.8667,121.9,60.64,63,98,20.33,overcast clouds
47,Bluff,NZ,-46.6,168.3333,51.8,72,100,10.83,moderate rain
48,Hilo,US,19.7297,-155.09,78.53,91,90,3.44,light rain
49,Izberbash,RU,42.5696,47.8645,75.25,64,47,2.33,scattered clouds
50,Sao Filipe,CV,14.8961,-24.4956,73.42,76,33,5.57,scattered clouds
51,Yellowknife,CA,62.456,-114.3525,58.28,47,40,5.75,scattered clouds
52,Ilulissat,GL,69.2167,-51.1,42.82,87,90,4.61,overcast clouds
53,Soyo,AO,-6.1349,12.3689,70.18,93,10,4.76,clear sky
54,Grindavik,IS,63.8424,-22.4338,48.67,100,90,9.22,overcast clouds
55,Hamilton,US,39.1834,-84.5333,79.75,76,40,9.22,scattered clouds
56,Kodiak,US,57.79,-152.4072,52.32,88,99,4.54,overcast clouds
57,Hauge,NO,58.3436,6.2812,63.59,78,0,7.76,clear sky
58,Bonfim,BR,3.0833,-59.95,80.44,72,100,4.16,overcast clouds
59,Catumbela,AO,-12.4314,13.5472,67.28,75,0,6.49,clear sky
60,Itoman,JP,26.1247,127.6694,88.18,92,75,19.57,broken clouds
61,Lazaro Cardenas,MX,17.9583,-102.2,81.14,84,57,3.65,broken clouds
62,Chokurdakh,RU,70.6333,147.9167,53.28,47,86,13.85,overcast clouds
63,Jingdezhen,CN,29.2947,117.2079,88.03,60,56,7.56,light rain
64,Georgetown,MY,5.4112,100.3354,89.55,73,20,2.3,few clouds
65,Khatanga,RU,71.9667,102.5,61.48,45,65,22.08,broken clouds
66,Castro,BR,-24.7911,-50.0119,51.73,69,0,3.09,clear sky
67,Cleveland,US,41.4995,-81.6954,78.69,73,90,1.01,overcast clouds
68,Zabaykalsk,RU,49.6333,117.3167,69.78,56,26,14.45,scattered clouds
69,Carlsbad,US,33.1581,-117.3506,77.86,83,90,1.99,overcast clouds
70,Zhuhai,CN,22.2769,113.5678,92.71,79,20,4.61,light rain
71,Bonavista,CA,48.6499,-53.1147,59.11,97,100,9.71,light rain
72,Upernavik,GL,72.7868,-56.1549,39.13,86,8,2.33,clear sky
73,Pevek,RU,69.7008,170.3133,37.36,85,51,17.31,broken clouds
74,Saint George,US,37.1041,-113.5841,84.63,57,1,4.0,clear sky
75,Tank,PK,32.2217,70.3793,97.02,39,2,3.24,clear sky
76,Pandan,PH,14.0453,124.1694,86.2,71,100,13.29,overcast clouds
77,New Norfolk,AU,-42.7826,147.0587,45.91,59,68,11.54,broken clouds
78,Kapaa,US,22.0752,-159.319,84.18,82,75,3.0,light rain
79,Pochutla,MX,15.7432,-96.4661,80.82,90,89,4.29,overcast clouds
80,Vanimo,PG,-2.6741,141.3028,72.81,92,100,8.57,overcast clouds
81,Berlevag,NO,70.8578,29.0864,45.09,84,100,23.69,overcast clouds
82,Severodvinsk,RU,64.5635,39.8302,51.91,66,100,12.33,light rain
83,Vila Velha,BR,-20.3297,-40.2925,60.75,94,0,4.61,clear sky
84,Fort Nelson,CA,58.8053,-122.7002,72.99,38,40,5.75,scattered clouds
85,Fairbanks,US,64.8378,-147.7164,70.02,54,75,1.99,broken clouds
86,Harper,LR,4.375,-7.7169,75.0,75,91,6.4,overcast clouds
87,Aksarka,RU,66.5606,67.7975,59.0,69,79,11.88,broken clouds
88,Grand Gaube,MU,-20.0064,57.6608,70.2,77,15,5.01,few clouds
89,Guerrero Negro,MX,27.9769,-114.0611,69.17,84,96,13.8,overcast clouds
90,Touros,BR,-5.1989,-35.4608,72.5,83,0,14.92,clear sky
91,Marawi,PH,7.9986,124.2928,84.16,53,14,6.46,few clouds
92,Lagoa,PT,39.05,-27.9833,68.14,84,98,17.05,overcast clouds
93,Koping,SE,59.514,15.9926,59.9,78,22,2.35,few clouds
94,East London,ZA,-33.0153,27.9116,47.34,71,0,4.61,clear sky
95,Buala,SB,-8.145,159.5921,78.06,89,100,8.08,moderate rain
96,Pinega,RU,64.7001,43.3936,50.45,71,100,8.25,light rain
97,Isangel,VU,-19.55,169.2667,86.11,66,20,5.75,few clouds
98,Tiksi,RU,71.6872,128.8694,44.94,76,78,6.13,broken clouds
99,Hauzenberg,DE,48.65,13.6333,62.29,87,82,2.15,broken clouds
100,Shache,CN,38.4167,77.2406,91.44,22,1,5.44,clear sky
101,Cape Town,ZA,-33.9258,18.4232,51.28,58,0,6.91,clear sky
102,Salalah,OM,17.0151,54.0924,78.89,94,90,8.05,light intensity drizzle
103,Hailun,CN,47.45,126.9333,77.31,81,100,9.98,moderate rain
104,Marysville,US,48.0518,-122.1771,80.19,68,1,3.0,clear sky
105,Sambava,MG,-14.2667,50.1667,68.09,87,100,15.35,light rain
106,Mersing,MY,2.4312,103.8405,89.51,70,40,8.05,moderate rain
107,Raudeberg,NO,61.9875,5.1352,59.2,89,18,6.02,few clouds
108,Baruun-Urt,MN,46.6806,113.2792,74.28,39,44,10.74,scattered clouds
109,Abu Kamal,SY,34.4506,40.9171,88.0,27,0,8.75,clear sky
110,Bredasdorp,ZA,-34.5322,20.0403,38.52,87,98,1.14,overcast clouds
111,Puerto Madryn,AR,-42.7692,-65.0385,45.99,49,100,15.35,overcast clouds
112,Aasiaat,GL,68.7098,-52.8699,38.12,94,96,7.63,overcast clouds
113,Quibdo,CO,5.6947,-76.6611,72.27,99,100,2.42,light rain
114,Dikson,RU,73.5069,80.5464,36.63,97,86,8.52,overcast clouds
115,San Carlos De Bariloche,AR,-41.1456,-71.3082,38.95,81,75,5.75,broken clouds
116,Umm Lajj,SA,25.0213,37.2685,83.79,44,0,5.66,clear sky
117,Scarborough,GB,54.2797,-0.4044,60.84,88,100,7.16,overcast clouds
118,Qasigiannguit,GL,68.8193,-51.1922,43.05,95,100,5.17,overcast clouds
119,Hermanus,ZA,-34.4187,19.2345,49.89,50,100,6.08,overcast clouds
120,Flinders,AU,-34.5833,150.8552,58.37,45,4,11.99,clear sky
121,Mangrol,IN,21.1167,70.1167,81.05,87,100,22.5,overcast clouds
122,Korla,CN,41.7597,86.1469,91.56,22,0,18.84,clear sky
123,Arlit,NE,18.7369,7.3853,92.44,35,61,10.38,broken clouds
124,Tomatlan,MX,19.9333,-105.25,77.04,93,47,2.21,scattered clouds
125,Hithadhoo,MV,-0.6,73.0833,82.04,77,92,10.04,overcast clouds
126,Mbanza-Ngungu,CD,-5.25,14.8667,63.25,91,1,6.31,clear sky
127,Warwick,US,41.7001,-71.4162,69.4,90,75,6.91,broken clouds
128,Pemba,MZ,-12.974,40.5178,68.49,68,5,20.0,clear sky
129,Oranjemund,NA,-28.55,16.4333,61.56,21,99,17.22,overcast clouds
130,Puerto Ayacucho,VE,5.6639,-67.6236,73.71,94,100,2.75,overcast clouds
131,Saint-Philippe,RE,-21.3585,55.7679,64.22,74,38,7.14,scattered clouds
132,Mafra,BR,-26.1114,-49.8053,50.95,90,0,2.57,clear sky
133,Praia Da Vitoria,PT,38.7333,-27.0667,71.85,83,40,15.93,scattered clouds
134,Ostrovnoy,RU,68.0531,39.5131,45.5,89,100,22.79,overcast clouds
135,Mount Gambier,AU,-37.8333,140.7667,48.11,100,75,9.22,broken clouds
136,Tuktoyaktuk,CA,69.4541,-133.0374,62.6,51,75,13.8,broken clouds
137,Hirado,JP,33.3597,129.5531,88.95,64,97,1.61,overcast clouds
138,Acapulco,MX,16.8634,-99.8901,81.45,83,10,6.85,clear sky
139,Dakar,SN,14.6937,-17.4441,77.88,73,50,6.26,scattered clouds
140,Sampit,ID,-2.5333,112.95,87.24,50,61,4.45,broken clouds
141,Mahebourg,MU,-20.4081,57.7,70.09,78,40,11.5,scattered clouds
142,Kakamigahara,JP,35.4167,136.8667,94.78,51,25,4.41,scattered clouds
143,Provideniya,RU,64.3833,-173.3,47.77,98,100,11.95,light rain
144,Remedios,CU,22.4947,-79.5458,77.92,86,65,5.99,broken clouds
145,Nanortalik,GL,60.1432,-45.2371,42.31,96,97,9.37,overcast clouds
146,Tasiilaq,GL,65.6145,-37.6368,42.96,97,100,2.8,overcast clouds
147,Chuy,UY,-33.6971,-53.4616,57.0,81,100,5.77,overcast clouds
148,Ust-Omchug,RU,61.15,149.6333,59.9,76,100,12.93,overcast clouds
149,Meulaboh,ID,4.1363,96.1285,82.74,69,97,2.66,light rain
150,Port Elizabeth,ZA,-33.918,25.5701,43.09,70,0,5.75,clear sky
151,Xai-Xai,MZ,-25.0519,33.6442,59.18,77,5,5.23,clear sky
152,Yamnytsya,UA,48.9897,24.7075,58.78,87,18,3.18,few clouds
153,Nong Han,TH,17.3608,103.1053,84.02,88,100,10.71,overcast clouds
154,Porbandar,IN,21.6422,69.6093,82.38,89,75,12.66,drizzle
155,Carnarvon,AU,-24.8667,113.6333,68.07,53,90,10.36,overcast clouds
156,Poum,NC,-20.2333,164.0167,73.99,74,16,4.43,few clouds
157,Sinnamary,GF,5.3833,-52.95,77.23,88,98,9.42,moderate rain
158,Barrow,US,71.2906,-156.7887,44.62,81,90,4.61,overcast clouds
159,Coahuayana,MX,18.7333,-103.6833,79.7,91,67,2.15,broken clouds
160,Ponta Do Sol,PT,32.6667,-17.1,74.01,78,0,3.33,clear sky
161,Ankara,TR,39.9199,32.8543,63.64,63,0,1.99,clear sky
162,Kavieng,PG,-2.5744,150.7967,83.91,72,11,7.27,light rain
163,Asau,RO,46.4333,26.4,63.75,86,2,2.8,clear sky
164,Aktau,KZ,43.65,51.2,80.92,56,63,16.4,broken clouds
165,Morehead,US,37.2711,-87.1764,80.15,95,1,0.0,clear sky
166,Sorong,ID,-0.8833,131.25,84.49,59,100,11.79,overcast clouds
167,Myitkyina,MM,25.3833,97.4,76.44,98,100,2.04,overcast clouds
168,Horsham,GB,51.064,-0.3272,64.26,93,40,3.44,scattered clouds
169,San Patricio,US,28.017,-97.5169,84.29,77,2,12.15,clear sky
170,Nikolskoye,RU,59.7035,30.7861,59.81,55,100,5.46,overcast clouds
171,Goure,NE,13.9835,10.2704,79.02,76,22,10.6,few clouds
172,Beloha,MG,-25.1667,45.05,59.29,60,23,9.19,few clouds
173,Lakes Entrance,AU,-37.8811,147.981,54.18,42,33,20.42,scattered clouds
174,Providencia,MX,28.7167,-111.5833,80.65,52,100,11.12,overcast clouds
175,Purpe,RU,64.4803,76.6897,58.8,84,97,7.25,overcast clouds
176,Carauari,BR,-4.8828,-66.8958,74.35,90,52,2.19,broken clouds
177,Puerto Ayora,EC,-0.7393,-90.3518,72.55,88,5,8.01,clear sky
178,Faanui,PF,-16.4833,-151.75,78.75,68,13,10.83,few clouds
179,Necochea,AR,-38.5473,-58.7368,50.04,90,100,12.82,light rain
180,Qaqortoq,GL,60.7167,-46.0333,45.1,94,76,2.15,broken clouds
181,Namibe,AO,-15.1961,12.1522,66.97,52,0,5.12,clear sky
182,Laela,TZ,-8.5667,32.05,53.6,73,71,10.96,broken clouds
183,Nsanje,MW,-16.92,35.262,59.86,90,98,4.34,overcast clouds
184,Mombaca,BR,-5.7431,-39.6275,71.64,65,3,4.81,clear sky
185,Dingle,PH,10.9995,122.6711,86.52,68,82,18.48,broken clouds
186,Talcahuano,CL,-36.7167,-73.1167,53.28,82,90,24.16,light rain
187,Ambunti,PG,-4.2365,142.8448,76.69,95,100,1.59,overcast clouds
188,Coquimbo,CL,-29.9533,-71.3436,49.73,100,0,4.61,clear sky
189,Okhotsk,RU,59.3833,143.3,56.05,96,100,13.67,light rain
190,Takoradi,GH,4.8845,-1.7554,73.13,85,10,7.11,clear sky
191,Ulladulla,AU,-35.35,150.4667,56.3,42,2,19.53,clear sky
192,Taungdwingyi,MM,20.0167,95.55,83.8,71,100,10.87,overcast clouds
193,Dudinka,RU,69.4058,86.1778,46.96,89,100,7.58,light rain
194,Anori,BR,-3.7728,-61.6442,75.29,74,69,3.27,broken clouds
195,Koutsouras,GR,35.0339,25.9469,75.24,71,0,31.32,clear sky
196,Namatanai,PG,-3.6667,152.4333,85.26,68,9,2.26,clear sky
197,Wanning,CN,18.8003,110.3967,87.24,70,32,10.98,scattered clouds
198,Kruisfontein,ZA,-34.0033,24.7314,46.49,37,13,9.51,few clouds
199,Quatre Cocos,MU,-20.2078,57.7625,69.91,74,67,15.99,broken clouds
200,Turukhansk,RU,65.8167,87.9833,75.85,51,0,17.76,clear sky
201,Sayyan,YE,15.1718,44.3244,62.71,67,81,3.6,broken clouds
202,Loreto,MX,22.2667,-101.9667,66.13,65,100,5.79,overcast clouds
203,Angoche,MZ,-16.2325,39.9086,70.16,62,94,18.21,light rain
204,Kununurra,AU,-15.7667,128.7333,89.58,18,11,8.05,few clouds
205,Ketchikan,US,55.3422,-131.6461,57.67,77,90,8.05,overcast clouds
206,Banda Aceh,ID,5.5577,95.3222,84.79,63,100,8.08,overcast clouds
207,Ryotsu,JP,38.0833,138.4333,85.96,68,7,1.21,clear sky
208,Calatayud,ES,41.3535,-1.6432,73.98,66,0,2.44,clear sky
209,Saint-Francois,FR,46.4154,3.9054,63.18,99,90,3.44,fog
210,Moerai,PF,-22.4333,-151.3333,71.24,64,24,7.76,few clouds
211,Henties Bay,NA,-22.116,14.2845,68.09,24,0,17.16,clear sky
212,Victoria,HK,22.2855,114.1577,92.97,78,47,1.01,scattered clouds
213,Thompson,CA,55.7435,-97.8558,59.16,94,75,8.05,mist
214,San Cristobal,VE,7.7669,-72.225,66.65,99,100,3.67,overcast clouds
215,Tashtagol,RU,52.7657,87.8894,72.52,71,81,2.01,broken clouds
216,Bontang,ID,0.1333,117.5,85.12,63,96,6.62,overcast clouds
217,Tual,ID,-5.6667,132.75,80.29,74,96,9.4,overcast clouds
218,Alofi,NU,-19.0595,-169.9187,82.29,74,14,8.05,few clouds
219,Cherskiy,RU,68.75,161.3,57.31,53,66,6.87,broken clouds
220,Bacolod,PH,10.6667,122.95,84.6,77,65,20.49,broken clouds
221,Peniche,PT,39.3558,-9.3811,67.62,93,55,4.97,broken clouds
222,Paamiut,GL,61.994,-49.6678,41.16,85,84,8.23,broken clouds
223,Jalu,LY,29.0331,21.5482,76.06,42,0,7.02,clear sky
224,Olafsvik,IS,64.8945,-23.7142,49.71,78,97,10.63,overcast clouds
225,Ust-Tsilma,RU,65.441,52.1498,46.02,97,100,8.68,overcast clouds
226,Yugorsk,RU,61.3133,63.3319,54.99,51,3,7.76,clear sky
227,Boa Esperanca,BR,-21.09,-45.5658,54.55,53,0,3.51,clear sky
228,Egvekinot,RU,66.3167,-179.1667,50.05,85,100,3.69,overcast clouds
229,Saskylakh,RU,71.9167,114.0833,71.35,56,100,6.55,overcast clouds
230,Pimentel,PE,-6.8367,-79.9342,66.99,82,44,1.99,scattered clouds
231,Rimbey,CA,52.6334,-114.2353,65.32,65,62,7.23,broken clouds
232,Xianyang,CN,34.3378,108.7026,87.04,58,0,6.71,clear sky
233,Serta,PT,39.8085,-8.0988,62.01,87,40,4.43,scattered clouds
234,Kahului,US,20.8947,-156.47,85.26,84,40,24.16,scattered clouds
235,Weihe,CN,32.9952,105.3247,73.36,87,95,4.03,overcast clouds
236,Codrington,AU,-38.2667,141.9667,48.18,82,100,15.39,overcast clouds
237,Mfou,CM,3.7159,11.6427,66.96,91,100,3.96,overcast clouds
238,Lumeje,AO,-11.55,20.7833,56.03,56,0,7.52,clear sky
239,Morant Bay,JM,17.8815,-76.4093,80.22,84,82,3.18,broken clouds
240,Avarua,CK,-21.2078,-159.775,77.05,69,25,9.22,scattered clouds
241,Baft,IR,29.234,56.6057,75.29,26,2,3.67,clear sky
242,Sur,OM,22.5667,59.5289,89.22,59,62,7.92,broken clouds
243,Deputatskiy,RU,69.3,139.9,58.1,50,25,13.71,scattered clouds
244,Kudahuvadhoo,MV,2.6708,72.8944,81.52,77,98,5.79,overcast clouds
245,Port Hardy,CA,50.6996,-127.4199,59.18,88,75,6.91,broken clouds
246,Labuhan,ID,-6.8844,112.2051,84.25,60,2,5.37,clear sky
247,Mahibadhoo,MV,3.7833,72.9667,82.63,75,97,7.0,overcast clouds
248,Longyearbyen,SJ,78.2186,15.6401,42.64,87,75,11.5,broken clouds
249,Aksu,CN,41.1231,80.2644,90.01,28,0,2.08,clear sky
250,Severo-Kurilsk,RU,50.6789,156.125,57.81,89,99,2.86,overcast clouds
251,Ginda,IN,30.6945,78.4932,69.58,95,97,1.97,overcast clouds
252,Panlaitan,PH,12.1191,119.8486,84.0,82,100,21.14,overcast clouds
253,Yerbogachen,RU,61.2767,108.0108,78.8,39,59,5.97,broken clouds
254,Port Alfred,ZA,-33.5906,26.891,53.46,42,1,9.62,clear sky
255,Le Port,RE,-20.9373,55.2919,64.62,72,34,3.58,scattered clouds
256,Kholtoson,RU,50.2981,103.3097,70.68,54,81,4.41,broken clouds
257,Kifri,IQ,34.6959,44.9661,96.49,15,0,11.16,clear sky
258,Asyut,EG,27.181,31.1837,77.18,49,0,6.44,clear sky
259,Jamestown,US,42.097,-79.2353,72.99,83,20,5.99,light rain
260,Kamenka,RU,51.3223,42.7678,62.58,68,98,6.44,overcast clouds
261,Kindu,CD,-2.95,25.95,74.61,53,90,1.57,overcast clouds
262,Urkut,HU,47.085,17.6439,66.36,79,70,5.12,broken clouds
263,Suntar,RU,62.1444,117.6319,75.54,37,96,9.35,overcast clouds
264,Balaipungut,ID,1.05,101.2833,86.41,58,88,5.77,light rain
265,Vestmanna,FO,62.1564,-7.1664,49.12,100,90,2.3,mist
266,Beringovskiy,RU,63.05,179.3167,54.07,83,100,5.55,light rain
267,Bereda,ES,43.2686,-7.5406,57.42,100,98,1.63,overcast clouds
268,Clarence Town,AU,-32.5833,151.7833,61.81,45,7,17.18,clear sky
269,Pisco,PE,-13.7,-76.2167,62.65,82,90,4.61,overcast clouds
270,Mitsamiouli,KM,-11.3847,43.2844,75.27,68,8,15.66,light rain
271,Parthenay,FR,46.6667,-0.4167,61.72,97,68,7.67,broken clouds
272,Ponta Delgada,PT,37.7333,-25.6667,70.52,88,40,2.3,scattered clouds
273,Keetmanshoop,NA,-26.5833,18.1333,49.12,31,7,12.66,clear sky
274,Road Town,VG,18.4167,-64.6167,81.19,82,91,20.56,overcast clouds
275,Bethel,US,41.3712,-73.414,72.57,78,1,4.61,clear sky
276,Aldan,RU,58.6031,125.3894,68.04,65,100,7.14,overcast clouds
277,Shimoda,JP,34.6667,138.95,87.1,62,2,10.76,clear sky
278,Havoysund,NO,70.9963,24.6622,45.48,82,100,16.11,overcast clouds
279,Narsipatnam,IN,17.6667,82.6167,81.81,64,98,7.09,overcast clouds
280,Port Keats,AU,-14.25,129.55,91.56,25,46,2.64,scattered clouds
281,Taoudenni,ML,22.6783,-3.9836,95.22,8,4,11.32,clear sky
282,Le Vauclin,MQ,14.5452,-60.8388,81.84,94,40,2.3,scattered clouds
283,Greeley,US,40.4233,-104.7091,81.01,44,1,3.0,clear sky
284,Ambon,ID,-3.6954,128.1814,89.74,62,40,4.61,scattered clouds
285,Neiafu,TO,-18.65,-173.9833,79.48,89,75,5.75,light rain
286,Omboue,GA,-1.5746,9.2618,72.82,79,100,4.68,overcast clouds
287,Peleduy,RU,59.6289,112.7406,81.63,37,84,8.32,broken clouds
288,Hambantota,LK,6.1241,81.1185,84.54,84,75,11.5,broken clouds
289,Geraldton,AU,-28.7667,114.6,66.61,59,40,1.14,scattered clouds
290,Bambous Virieux,MU,-20.3428,57.7575,70.05,78,40,11.5,scattered clouds
291,Mount Isa,AU,-20.7333,139.5,71.37,18,7,13.8,clear sky
292,Bazarnyy Karabulak,RU,52.2683,46.4144,58.93,76,7,6.67,clear sky
293,Katsuura,JP,35.1333,140.3,89.71,68,1,13.89,clear sky
294,Casablanca,MA,33.5928,-7.6192,73.33,73,6,8.99,clear sky
295,Taksimo,RU,56.3444,114.8794,69.37,57,100,2.98,overcast clouds
296,Oranjestad,AW,12.524,-70.027,82.35,83,20,18.41,few clouds
297,Naze,JP,28.3667,129.4833,81.52,89,100,20.09,heavy intensity rain
298,Fortuna,US,40.5982,-124.1573,56.86,92,90,5.75,overcast clouds
299,Kaohsiung,TW,22.6163,120.3133,94.08,92,75,1.99,broken clouds
300,La Ronge,CA,55.1001,-105.2842,59.25,88,75,4.61,broken clouds
301,Hof,DE,50.3167,11.9167,64.38,82,100,3.0,overcast clouds
302,Sao Joao Da Barra,BR,-21.6403,-41.0511,68.7,73,0,12.28,clear sky
303,Port Blair,IN,11.6667,92.75,80.64,94,90,11.5,overcast clouds
304,Tecoanapa,MX,16.5167,-98.75,81.79,81,96,5.32,overcast clouds
305,Lana,IT,46.6124,11.1559,73.8,88,88,1.66,overcast clouds
306,Luz,BR,-19.8014,-45.6856,55.94,61,0,3.06,clear sky
307,Alappuzha,IN,9.49,76.3264,79.29,82,82,5.97,broken clouds
308,Pontianak,ID,-0.0333,109.3333,85.98,74,75,6.91,broken clouds
309,Rawson,AR,-43.3002,-65.1023,46.24,46,100,17.96,overcast clouds
310,Virtsu,EE,58.5716,23.5115,59.95,68,13,0.65,few clouds
311,Bilma,NE,18.6853,12.9164,87.33,46,81,6.67,broken clouds
312,Hauterive,FR,46.0901,3.4459,58.01,93,0,3.62,clear sky
313,Tilichiki,RU,60.4667,166.1,56.26,86,100,5.32,overcast clouds
314,Pontiac,US,42.6389,-83.2911,72.61,96,40,0.0,fog
315,Kongwa,TZ,-6.2,36.4167,57.56,76,0,5.46,clear sky
316,Barcelona,ES,41.3888,2.159,77.61,76,0,3.0,clear sky
317,Borogontsy,RU,62.6683,131.1683,76.82,41,22,8.16,few clouds
318,Baltiysk,RU,54.6538,19.911,53.58,78,11,9.4,few clouds
319,Daru,PG,-9.0763,143.2092,78.76,88,97,14.16,moderate rain
320,Issaquah,US,47.5301,-122.0326,79.84,59,1,3.0,haze
321,Cidreira,BR,-30.1811,-50.2056,61.43,77,29,6.71,scattered clouds
322,Zhoucheng,CN,35.9122,116.3117,89.01,52,0,5.88,clear sky
323,Dunedin,NZ,-45.8742,170.5036,51.8,35,100,17.0,overcast clouds
324,Campoverde,PE,-8.4753,-74.8058,72.93,64,0,1.12,clear sky
325,Nzega,RW,-2.479,29.5564,52.97,59,66,3.69,broken clouds
326,Palmer,US,42.1584,-72.3287,70.97,73,75,4.0,broken clouds
327,Altea,ES,38.5989,-0.0514,78.39,85,21,8.66,few clouds
328,Gat,IL,31.61,34.7642,77.92,84,31,0.83,scattered clouds
329,San Policarpo,PH,12.1791,125.5072,90.7,54,100,13.89,overcast clouds
330,Richards Bay,ZA,-28.783,32.0377,52.7,77,15,4.52,few clouds
331,Hofn,IS,64.2539,-15.2082,51.89,83,7,10.18,clear sky
332,Santa Adelia,BR,-21.2428,-48.8042,58.48,41,0,8.75,clear sky
333,Manacor,ES,39.5696,3.2096,76.51,82,8,8.41,clear sky
334,Teahupoo,PF,-17.8333,-149.2667,73.36,75,28,7.45,scattered clouds
335,Kaduqli,SD,11.0167,29.7167,72.27,93,100,5.84,moderate rain
336,Moussoro,TD,13.6408,16.4901,82.69,60,95,9.19,overcast clouds
337,Iqaluit,CA,63.7506,-68.5145,49.73,76,75,23.0,broken clouds
338,Feijo,BR,-8.1642,-70.3536,74.89,61,4,0.92,clear sky
339,Nogent-Le-Rotrou,FR,48.3333,1.0,60.8,95,99,10.22,overcast clouds
340,Torbay,CA,47.6666,-52.7314,58.57,90,75,17.27,broken clouds
341,Olyka,UA,50.7186,25.8125,62.94,64,95,4.56,overcast clouds
342,Sonneberg,DE,50.35,11.1667,64.13,83,100,3.31,overcast clouds
343,Ekuvukeni,ZA,-28.4675,30.1551,36.07,86,0,2.44,clear sky
344,Atar,MR,20.5169,-13.0499,88.48,30,98,8.01,overcast clouds
345,Dekalb,US,33.7504,-84.2333,82.08,77,1,0.0,clear sky
346,Vila,PT,42.0304,-8.1588,51.22,92,100,2.21,overcast clouds
347,Presidencia Roque Saenz Pena,AR,-26.7852,-60.4388,79.21,35,30,11.01,light rain
348,Japura,ID,-0.3167,102.35,87.01,56,53,5.91,broken clouds
349,Chara,RU,56.9064,118.2631,61.34,80,100,2.77,light rain
350,Negotin,RS,44.2264,22.5308,63.75,71,0,3.87,clear sky
351,Seoul,KR,37.5683,126.9778,95.41,46,0,8.05,clear sky
352,Coos Bay,US,43.3665,-124.2179,86.85,90,90,18.41,fog
353,Bagotville,AU,-28.9833,153.4167,69.82,33,0,10.74,clear sky
354,Terrace,CA,54.5163,-128.6035,63.43,77,40,2.3,light rain
355,Alexandroupoli,GR,40.8475,25.8744,68.97,64,1,12.5,clear sky
356,Okha,RU,53.5739,142.9478,79.39,64,97,5.61,overcast clouds
357,Shakawe,BW,-18.3667,21.85,46.87,71,0,5.97,clear sky
358,Vrsac,RS,45.1167,21.3036,75.02,46,0,19.57,clear sky
359,Palana,RU,59.1167,159.9667,49.89,98,100,6.67,overcast clouds
360,Manati,PR,18.4275,-66.4921,81.63,91,27,7.49,scattered clouds
361,Opuwo,NA,-18.0607,13.84,52.5,19,0,9.08,clear sky
362,Tongliao,CN,43.6125,122.2653,87.42,55,100,15.01,overcast clouds
363,Saint-Augustin,CA,51.226,-58.6502,52.59,83,25,6.49,scattered clouds
364,Alekseyevsk,RU,57.8406,108.3492,81.73,39,9,7.58,clear sky
365,Deniliquin,AU,-35.5333,144.9667,50.0,56,44,17.4,scattered clouds
366,Whitehorse,CA,60.7161,-135.0538,63.37,48,75,8.01,broken clouds
367,Vityazevo,RU,44.9931,37.2719,70.21,68,20,11.18,few clouds
368,Muzhi,RU,65.3667,64.6667,52.0,82,97,5.79,overcast clouds
369,Springbok,ZA,-29.6643,17.8865,45.84,18,87,11.25,overcast clouds
370,Saint-Louis,SN,16.3333,-15.0,78.91,66,84,13.56,broken clouds
371,Bubaque,GW,11.2833,-15.8333,78.15,86,100,17.09,moderate rain
372,Chandpur,IN,29.15,78.2667,88.02,66,11,7.34,few clouds
373,Nyurba,RU,63.2842,118.3319,74.37,35,96,9.13,overcast clouds
374,Bagan,RU,54.1001,77.6646,76.28,54,6,5.32,clear sky
375,Jacqueville,CI,5.2052,-4.4146,75.11,79,36,10.47,scattered clouds
376,Juan Lacaze,UY,-34.4342,-57.4381,61.12,96,100,13.35,heavy intensity rain
377,Washington,US,47.5001,-120.5015,90.0,25,0,6.55,clear sky
378,Klaksvik,FO,62.2266,-6.589,50.92,98,57,8.34,broken clouds
379,Sabang,ID,5.8933,95.3214,83.46,70,100,13.51,overcast clouds
380,Tuatapere,NZ,-46.1333,167.6833,51.82,63,100,7.67,overcast clouds
381,Bathsheba,BB,13.2167,-59.5167,80.74,83,100,9.82,overcast clouds
382,Buchanan,LR,5.8808,-10.0467,75.92,79,100,7.38,overcast clouds
383,Cabedelo,BR,-6.9811,-34.8339,70.47,85,21,11.68,few clouds
384,Pedreiras,BR,-4.5688,-44.6003,73.04,59,9,3.04,clear sky
385,Pedernales,DO,18.0384,-71.744,81.66,76,100,1.95,overcast clouds
386,Tautira,PF,-17.7333,-149.15,78.82,76,61,5.75,light rain
387,Seymchan,RU,62.8833,152.4333,58.82,82,100,2.93,overcast clouds
388,Asfi,MA,32.2994,-9.2372,67.44,81,5,12.26,clear sky
389,Xingyi,CN,24.1877,102.817,62.06,97,100,0.76,light rain
390,Chapais,CA,49.7834,-74.8492,67.78,56,100,12.03,overcast clouds
391,Margate,GB,51.3813,1.3862,63.95,91,91,6.31,overcast clouds
392,Adwa,ET,14.1646,38.8955,59.36,95,89,1.79,overcast clouds
393,Bud,US,39.447,-86.1758,80.58,88,15,7.31,few clouds
394,Nouakchott,MR,18.0858,-15.9785,75.13,81,59,12.86,broken clouds
395,Lompoc,US,34.6391,-120.4579,69.1,86,90,10.36,overcast clouds
396,Kondinskoye,RU,59.6481,67.41,63.84,74,100,3.65,overcast clouds
397,Lopukhiv,UA,48.3653,23.9638,56.05,86,1,2.51,clear sky
398,Brae,GB,60.3964,-1.353,55.31,80,99,6.11,overcast clouds
399,Pervomayskiy,RU,53.2485,40.2871,63.12,61,99,4.9,overcast clouds
400,Lavrentiya,RU,65.5833,-171.0,44.91,98,100,11.3,light rain
401,Awbari,LY,26.5921,12.7805,76.98,26,0,9.01,clear sky
402,Kidal,ML,18.4411,1.4078,84.29,56,94,13.53,overcast clouds
403,Columbus,US,39.9612,-82.9988,79.0,76,90,8.05,overcast clouds
404,Lotofaga,WS,-13.9764,-171.8578,87.58,79,40,18.25,scattered clouds
405,Vila Franca Do Campo,PT,37.7167,-25.4333,70.21,90,66,7.18,broken clouds
406,Alta Floresta,BR,-9.8756,-56.0861,71.62,49,24,3.09,few clouds
407,Mercedes,AR,-34.6515,-59.4307,61.86,98,96,5.37,overcast clouds
408,Mlowo,TZ,-9.0,32.9833,50.52,85,4,7.36,clear sky
409,Constantine,DZ,36.365,6.6147,83.61,26,75,1.14,broken clouds
410,Manokwari,ID,-0.8667,134.0833,81.19,73,100,7.61,heavy intensity rain
411,Saldanha,ZA,-33.0117,17.9442,53.44,45,100,10.8,overcast clouds
412,Helena,US,46.5927,-112.0361,78.76,27,0,1.99,clear sky
413,Cockburn Town,TC,21.4612,-71.1419,81.66,81,100,16.35,overcast clouds
414,Northam,GB,51.0333,-4.2167,63.39,93,99,5.93,overcast clouds
415,Kurilsk,RU,45.2333,147.8833,69.78,78,100,1.25,overcast clouds
416,Irati,BR,-25.4672,-50.6511,51.17,85,0,2.3,clear sky
417,Hami,CN,42.8,93.45,95.2,14,93,6.22,overcast clouds
418,Petropavlovsk-Kamchatskiy,RU,53.0452,158.6483,70.39,68,20,13.42,few clouds
419,Djambala,CG,-2.5447,14.7533,66.7,60,6,4.23,clear sky
420,Lata,PT,40.1629,-8.3327,61.92,95,30,1.16,scattered clouds
421,Berbera,SO,10.4396,45.0143,83.41,49,100,36.1,overcast clouds
422,Souillac,MU,-20.5167,57.5167,70.18,78,40,11.5,scattered clouds
423,Avera,US,33.194,-82.5271,80.71,64,97,10.54,overcast clouds
424,Great Bend,US,38.3645,-98.7648,86.04,60,1,3.0,clear sky
425,Umm Kaddadah,SD,13.6017,26.6876,80.78,58,94,4.7,overcast clouds
426,Muscatine,US,41.4667,-91.1335,82.49,89,20,4.61,few clouds
427,Nizhniy Baskunchak,RU,48.2198,46.8311,74.75,43,0,6.15,clear sky
428,Campestre,BR,-21.7111,-46.2464,50.95,53,0,1.59,clear sky
429,Itaituba,BR,-4.2761,-55.9836,81.16,51,98,2.33,overcast clouds
430,Collie,AU,-33.3667,116.15,59.99,77,100,10.45,overcast clouds
431,Zhanaozen,KZ,43.3,52.8,80.31,50,7,18.16,clear sky
432,Emerald,AU,-23.5333,148.1667,73.54,23,0,9.22,clear sky
433,Port Moresby,PG,-9.4431,147.1797,85.42,70,40,14.97,haze
434,Koslan,RU,63.4564,48.8989,46.02,95,100,5.77,overcast clouds
435,Iberia,US,29.9502,-91.7507,84.27,94,1,4.61,clear sky
436,Iguape,BR,-24.7081,-47.5553,58.96,88,0,4.36,clear sky
437,Shelburne,CA,44.0787,-80.2041,67.89,100,68,14.61,broken clouds
438,Brewster,US,41.3973,-73.6171,73.74,80,1,4.61,clear sky
439,Norman Wells,CA,65.282,-126.8329,68.04,37,40,11.5,scattered clouds
440,Samarai,PG,-10.6167,150.6667,80.13,83,97,14.52,overcast clouds
441,Pinsk,BY,52.1229,26.0951,65.5,70,87,3.15,overcast clouds
442,Falmouth,GB,50.1544,-5.0711,61.7,100,24,5.01,few clouds
443,Patur,IN,20.45,76.9333,79.12,80,100,15.77,overcast clouds
444,Cap-Aux-Meules,CA,47.3821,-61.8597,55.42,76,0,4.61,clear sky
445,Kavkazskaya,RU,45.445,40.6728,72.34,44,98,8.84,overcast clouds
446,Liaocheng,CN,36.4439,115.9647,88.81,58,0,5.37,light rain
447,Kumluca,TR,36.3703,30.2869,80.91,57,0,3.8,clear sky
448,Makakilo City,US,21.3469,-158.0858,86.32,61,40,12.66,scattered clouds
449,Maumere,ID,-8.6199,122.2111,82.02,62,35,2.1,scattered clouds
450,Nyrob,RU,60.733,56.7202,48.04,72,95,5.08,overcast clouds
451,Caninde,BR,-4.3589,-39.3117,70.0,64,24,4.5,few clouds
452,Gweta,BW,-20.1833,25.2333,47.48,61,0,11.21,clear sky
453,Houma,US,29.5958,-90.7195,87.01,79,45,4.25,scattered clouds
454,Clyde River,CA,70.4692,-68.5914,32.23,100,90,17.27,mist
455,Hobyo,SO,5.3505,48.5268,76.55,79,92,22.17,overcast clouds
456,Hirara,JP,24.8,125.2833,88.07,84,75,16.11,broken clouds
457,Port Augusta,AU,-32.5,137.7667,62.74,48,8,20.42,clear sky
458,Sakakah,SA,29.9697,40.2064,83.77,29,4,7.05,clear sky
459,Coari,BR,-4.085,-63.1414,76.39,75,54,1.23,broken clouds
460,Nanlong,CN,31.3533,106.0631,84.56,73,58,1.74,broken clouds
461,Rovaniemi,FI,66.5,25.7167,56.61,76,0,8.05,clear sky
462,Bima,ID,-8.4667,118.7167,91.94,39,43,3.02,scattered clouds
463,Rorvik,NO,64.8621,11.2373,56.57,88,94,2.77,overcast clouds
464,Sehore,IN,23.2,77.0833,77.27,93,100,12.71,overcast clouds
465,La Palma,US,33.8464,-118.0467,81.5,80,1,4.0,clear sky
466,Araria,IN,26.15,87.5167,85.95,74,32,8.14,scattered clouds
467,Yumen,CN,40.2833,97.2,85.5,23,1,4.94,clear sky
468,Kulachi,PK,31.9286,70.4592,98.67,36,3,7.38,clear sky
469,Badian,PH,9.8647,123.3964,87.53,65,82,19.01,broken clouds
470,Terrace Bay,CA,48.7834,-87.1,60.42,74,36,4.43,scattered clouds
471,Altamont,US,42.2068,-121.7372,83.77,31,1,1.01,smoke
472,Montoro,ES,38.0241,-4.3834,71.74,33,1,3.85,clear sky
473,Moratuwa,LK,6.773,79.8816,82.42,82,98,9.53,overcast clouds
474,Hasaki,JP,35.7333,140.8333,91.29,74,18,11.81,few clouds
475,Horasan,TR,40.0458,42.1728,59.99,84,8,1.21,clear sky
476,Sola,VU,-13.8833,167.55,86.67,74,75,5.75,broken clouds
477,Ayagoz,KZ,47.9714,80.4392,81.63,28,0,1.59,clear sky
478,El Dorado,US,38.7666,-120.5177,87.08,30,0,1.32,clear sky
479,Vardo,NO,70.3705,31.1107,46.18,84,97,24.32,overcast clouds
480,Luchenza,MW,-16.0069,35.3095,53.38,96,73,7.54,broken clouds
481,Irricana,CA,51.3237,-113.6048,77.18,41,74,11.63,broken clouds
482,Ures,MX,29.4333,-110.4,82.27,77,100,3.15,overcast clouds
483,Puerto Escondido,MX,15.85,-97.0667,82.31,83,100,5.7,overcast clouds
484,Waingapu,ID,-9.6567,120.2641,84.45,51,59,10.83,broken clouds
485,Bureya,RU,49.8133,129.8131,81.77,65,58,9.66,broken clouds
486,Hatillo,PR,18.4863,-66.8254,81.86,85,4,5.35,clear sky
487,Miandrivazo,MG,-19.5167,45.4667,64.56,66,1,2.98,clear sky
488,Chase,CA,50.8165,-119.6857,83.71,43,34,2.66,scattered clouds
489,Tura,IN,25.5198,90.2201,81.12,83,93,6.29,light rain
490,Oruro,BO,-17.9833,-67.15,44.53,45,65,6.71,broken clouds
491,Laguna,US,38.421,-121.4238,96.46,36,1,1.99,clear sky
492,Puquio,PE,-14.7,-74.1333,49.35,63,89,1.9,overcast clouds
493,Nandgaon,IN,20.3167,74.65,76.71,83,100,18.79,light rain
494,Nassau,US,40.7507,-73.5829,75.7,79,1,5.01,clear sky
495,Gizo,SB,-8.103,156.8419,81.88,77,83,10.11,moderate rain
496,Havre-Saint-Pierre,CA,50.2334,-63.5986,52.16,93,1,0.0,clear sky
497,Nechanice,CZ,50.2374,15.6328,69.66,65,72,5.61,light rain
498,Korsakov,RU,46.6328,142.7813,84.04,81,65,11.52,broken clouds
499,Oyama,JP,36.3,139.8,93.81,45,16,4.16,few clouds
500,Bilibino,RU,68.0546,166.4372,59.76,48,60,1.79,broken clouds
501,Matara,LK,5.9485,80.5353,81.12,80,33,9.62,scattered clouds
502,Pastavy,BY,55.1168,26.8326,54.43,79,3,2.84,clear sky
503,Verkhnevilyuysk,RU,63.4453,120.3167,73.71,32,35,10.27,scattered clouds
504,Andenes,NO,69.3143,16.1194,55.08,94,90,16.11,light rain
505,Roma,US,43.2128,-75.4557,75.4,69,90,5.75,overcast clouds
506,Aklavik,CA,68.2191,-135.0107,72.43,49,83,13.44,broken clouds
507,Port-Gentil,GA,-0.7193,8.7815,74.64,73,100,8.08,overcast clouds
508,Qrendi,MT,35.8347,14.4583,75.11,83,0,2.3,clear sky
509,El Tigre,VE,8.8875,-64.2454,73.71,92,100,3.2,overcast clouds
510,Yebaishou,CN,41.3975,119.6408,85.23,57,92,16.11,overcast clouds
511,Te Anau,NZ,-45.4167,167.7167,53.44,68,100,5.73,overcast clouds
512,Hohhot,CN,40.8106,111.6522,75.49,69,40,2.24,moderate rain
513,Urucara,BR,-2.5364,-57.76,79.34,63,82,2.91,broken clouds
514,Moree,AU,-29.4667,149.85,59.02,38,4,18.41,clear sky
515,Boa Vista,BR,2.8197,-60.6733,80.58,78,75,2.3,broken clouds
516,Kathu,TH,7.9178,98.3332,87.69,73,100,15.1,overcast clouds
517,Lajas,PR,18.05,-67.0593,81.19,88,4,1.01,clear sky
518,Puri,IN,19.8,85.85,87.39,68,98,5.86,overcast clouds
519,Puerto Gaitan,CO,4.3133,-72.0816,75.36,84,97,4.65,overcast clouds
520,Lasa,IT,46.6166,10.7002,67.08,95,85,3.18,overcast clouds
521,Panzhihua,CN,26.5851,101.7128,81.7,62,9,1.19,clear sky
522,Katherine,AU,-14.4667,132.2667,89.92,31,87,9.22,overcast clouds
523,Dhidhdhoo,MV,6.8833,73.1,78.17,92,100,24.83,light rain
524,Sakyla,FI,61.0333,22.3333,53.64,78,33,2.82,scattered clouds
525,Moyale,KE,3.5167,39.0584,61.45,69,100,12.06,overcast clouds
526,Orotukan,RU,62.2667,151.7,61.41,83,100,8.55,light rain
527,Waipawa,NZ,-41.4122,175.5153,56.03,64,1,10.33,clear sky
528,Santa Isabel Do Rio Negro,BR,-0.4139,-65.0192,72.86,98,100,1.97,overcast clouds
529,Vredendal,ZA,-31.6683,18.5012,54.63,20,100,14.12,overcast clouds
530,Sechura,PE,-5.5569,-80.8222,66.24,78,2,7.78,clear sky
531,Comodoro Rivadavia,AR,-45.8667,-67.5,42.66,52,0,6.91,clear sky
532,Dax,FR,43.75,-1.1667,66.42,93,100,8.05,overcast clouds
533,Bataipora,BR,-22.2953,-53.2711,67.91,36,0,7.87,clear sky
534,Huanan,CN,46.2167,130.5167,88.72,52,100,4.07,overcast clouds
535,Nurota,UZ,40.5614,65.6886,93.29,15,0,11.95,clear sky
536,Kapchorwa,UG,1.3965,34.4509,55.98,75,83,4.16,broken clouds
537,Grimshaw,CA,56.1834,-117.6027,68.7,42,20,14.97,few clouds
538,Hay River,CA,60.8156,-115.7999,51.78,71,75,2.3,broken clouds
539,Saint Anthony,US,45.0205,-93.218,78.71,45,1,4.61,clear sky
540,Wuwei,CN,37.9281,102.6414,70.9,70,100,4.07,overcast clouds
541,Pacific Grove,US,36.6177,-121.9166,73.26,88,40,1.01,scattered clouds
542,Inhambane,MZ,-23.865,35.3833,60.78,82,40,4.61,scattered clouds
543,Camambugan,PH,10.0584,124.4381,91.35,62,74,15.86,broken clouds
544,Kulhudhuffushi,MV,6.6221,73.07,79.23,87,97,23.2,moderate rain
545,Leningradskiy,RU,69.3833,178.4167,36.3,96,100,6.31,overcast clouds
546,Kiama,AU,-34.6833,150.8667,58.37,43,2,26.28,clear sky
547,Dukat,RU,62.55,155.55,54.73,83,100,4.97,overcast clouds
548,Maningrida,AU,-12.0667,134.2667,85.87,47,4,6.91,clear sky
549,Sanary-Sur-Mer,FR,43.1178,5.8001,74.88,73,100,4.18,overcast clouds
550,Nikolsk,RU,53.7189,46.0712,55.33,75,0,2.39,clear sky
551,Tres Arroyos,AR,-38.3739,-60.2798,45.36,82,87,6.93,overcast clouds
552,Vestmannaeyjar,IS,63.4427,-20.2734,51.03,77,52,9.15,broken clouds
553,Prado,BR,-17.3411,-39.2208,70.43,64,66,6.46,broken clouds
554,Port Hedland,AU,-20.3167,118.5667,82.45,18,61,11.5,broken clouds
555,Bella Vista,US,36.4295,-94.2316,83.32,80,1,0.0,clear sky
556,Port Lincoln,AU,-34.7333,135.8667,59.13,74,44,27.11,scattered clouds
557,Lubbock,US,33.6001,-101.8338,86.38,52,20,3.0,few clouds
558,Lagos,NG,6.5833,3.75,77.32,87,7,2.66,clear sky
559,Kirakira,SB,-10.4544,161.9205,83.57,77,51,9.1,light rain
560,Crib Point,AU,-38.35,145.2,53.92,71,95,25.21,overcast clouds
